b_81001	Varecia_variegata,Galago_senegalensis,Ateles_geoffroyi	Saguinus_imperator,Theropithecus_gelada,Macaca_silenus
b_81002	Nycticebus_pygmaeus,Nycticebus_coucang,Trachypithecus_francoisi	Callithrix_jacchus,Callithrix_geoffroyi,Galago_senegalensis
b_81003	Callithrix_jacchus,Cercopithecus_neglectus,Pan_troglodytes	Lemur_catta,Papio_hamadryas,Nycticebus_pygmaeus
b_81004	Gorilla_gorilla,Macaca_silenus,Saimiri_sciureus	Nycticebus_pygmaeus,Saguinus_midas,Callimico_goeldii
b_81005	Colobus_guereza,Trachypithecus_auratus,Mandrillus_sphinx	Nycticebus_coucang,Hylobates_lar,Galago_moholi
b_81006	Galago_senegalensis,Nycticebus_pygmaeus,Pan_troglodytes	Saguinus_imperator,Callithrix_jacchus,Varecia_rubra
b_81007	Lemur_catta,Callimico_goeldii,Cebuella_pygmaea	Trachypithecus_cristatus,Macaca_fuscata,Theropithecus_gelada
b_81008	Ateles_geoffroyi,Mico_argentatus,Pan_troglodytes	Galago_senegalensis,Microcebus_murinus,Varecia_variegata
b_81009	Pan_troglodytes,Mico_argentatus,Gorilla_gorilla	Eulemur_macaco,Microcebus_murinus,Propithecus_coquereli
b_81010	Cebuella_pygmaea,Lemur_catta,Saguinus_imperator	Galago_senegalensis,Microcebus_murinus,Propithecus_coquereli
b_81011	Eulemur_macaco,Leontopithecus_rosalia,Varecia_variegata	Macaca_fascicularis,Trachypithecus_cristatus,Trachypithecus_auratus
b_81012	Ateles_geoffroyi,Saguinus_bicolor,Saimiri_sciureus	Papio_hamadryas,Galago_moholi,Propithecus_coquereli
b_81013	Nycticebus_coucang,Varecia_rubra,Galago_senegalensis	Leontopithecus_chrysomelas,Alouatta_caraya,Saimiri_sciureus
b_81014	Lemur_catta,Propithecus_coquereli,Hylobates_lar	Nycticebus_coucang,Macaca_fascicularis,Nycticebus_pygmaeus
b_81015	Alouatta_caraya,Galago_senegalensis,Eulemur_macaco	Callithrix_geoffroyi,Macaca_silenus,Gorilla_gorilla
b_81016	Mandrillus_sphinx,Macaca_nigra,Eulemur_macaco	Nycticebus_pygmaeus,Leontopithecus_rosalia,Leontopithecus_chrysomelas
b_81017	Lemur_catta,Galago_senegalensis,Hylobates_lar	Macaca_silenus,Propithecus_coquereli,Pan_troglodytes
b_81018	Eulemur_macaco,Macaca_fascicularis,Propithecus_coquereli	Microcebus_murinus,Leontopithecus_chrysomelas,Leontopithecus_rosalia
b_81019	Varecia_variegata,Leontopithecus_rosalia,Hylobates_lar	Colobus_guereza,Mico_argentatus,Cercopithecus_neglectus
b_81020	Saguinus_midas,Nycticebus_coucang,Nycticebus_pygmaeus	Trachypithecus_cristatus,Trachypithecus_auratus,Hylobates_lar
b_81021	Leontopithecus_rosalia,Hylobates_lar,Galago_moholi	Eulemur_macaco,Propithecus_coquereli,Lemur_catta
b_81022	Saimiri_sciureus,Nycticebus_coucang,Galago_moholi	Saguinus_oedipus,Callimico_goeldii,Saguinus_bicolor
b_81023	Pan_troglodytes,Callimico_goeldii,Saguinus_oedipus	Microcebus_murinus,Propithecus_coquereli,Nycticebus_pygmaeus
b_81024	Lemur_catta,Varecia_variegata,Leontopithecus_chrysomelas	Saguinus_bicolor,Saguinus_midas,Saimiri_sciureus
b_81025	Lemur_catta,Ateles_geoffroyi,Varecia_rubra	Nycticebus_pygmaeus,Trachypithecus_auratus,Trachypithecus_francoisi
b_81026	Saguinus_oedipus,Leontopithecus_chrysomelas,Alouatta_caraya	Colobus_guereza,Galago_moholi,Microcebus_murinus
b_81027	Saimiri_sciureus,Pan_troglodytes,Saguinus_oedipus	Theropithecus_gelada,Propithecus_coquereli,Macaca_fascicularis
b_81028	Sapajus_apella,Galago_senegalensis,Nycticebus_pygmaeus	Ateles_geoffroyi,Eulemur_macaco,Gorilla_gorilla
b_81029	Hylobates_lar,Colobus_guereza,Macaca_fuscata	Leontopithecus_chrysomelas,Saguinus_imperator,Cebuella_pygmaea
b_81030	Sapajus_apella,Ateles_geoffroyi,Hylobates_lar	Microcebus_murinus,Cebuella_pygmaea,Callimico_goeldii
b_81031	Callithrix_jacchus,Gorilla_gorilla,Eulemur_macaco	Ateles_geoffroyi,Saimiri_sciureus,Alouatta_caraya
b_81032	Cercopithecus_neglectus,Alouatta_caraya,Macaca_nigra	Saimiri_sciureus,Nycticebus_pygmaeus,Hylobates_lar
b_81033	Varecia_rubra,Lemur_catta,Cebuella_pygmaea	Cercopithecus_neglectus,Colobus_guereza,Macaca_fascicularis
b_81034	Nycticebus_coucang,Pan_troglodytes,Lemur_catta	Sapajus_apella,Colobus_guereza,Saguinus_oedipus
b_81035	Nycticebus_pygmaeus,Lemur_catta,Galago_moholi	Saguinus_bicolor,Ateles_geoffroyi,Mico_argentatus
b_81036	Callithrix_geoffroyi,Ateles_geoffroyi,Gorilla_gorilla	Varecia_rubra,Eulemur_macaco,Saimiri_sciureus
b_81037	Saimiri_sciureus,Propithecus_coquereli,Cercopithecus_neglectus	Mandrillus_sphinx,Nycticebus_coucang,Hylobates_lar
b_81038	Saguinus_imperator,Saguinus_oedipus,Saguinus_midas	Microcebus_murinus,Macaca_nigra,Nycticebus_coucang
b_81039	Trachypithecus_cristatus,Galago_moholi,Trachypithecus_francoisi	Eulemur_macaco,Sapajus_apella,Varecia_variegata
b_81040	Galago_moholi,Lemur_catta,Saguinus_oedipus	Callithrix_geoffroyi,Cercopithecus_neglectus,Pan_troglodytes
b_81041	Alouatta_caraya,Callithrix_jacchus,Lemur_catta	Galago_senegalensis,Pan_troglodytes,Galago_moholi
b_81042	Varecia_variegata,Propithecus_coquereli,Galago_senegalensis	Colobus_guereza,Macaca_nigra,Macaca_fascicularis
b_81043	Saimiri_sciureus,Saguinus_imperator,Sapajus_apella	Pan_troglodytes,Galago_moholi,Gorilla_gorilla
b_81044	Nycticebus_coucang,Pan_troglodytes,Mico_argentatus	Propithecus_coquereli,Trachypithecus_auratus,Microcebus_murinus
b_81045	Saimiri_sciureus,Galago_senegalensis,Eulemur_macaco	Hylobates_lar,Callimico_goeldii,Sapajus_apella
b_81046	Cebuella_pygmaea,Macaca_silenus,Callimico_goeldii	Microcebus_murinus,Varecia_rubra,Propithecus_coquereli
b_81047	Propithecus_coquereli,Varecia_rubra,Leontopithecus_chrysomelas	Papio_hamadryas,Gorilla_gorilla,Hylobates_lar
b_81048	Callithrix_geoffroyi,Pan_troglodytes,Microcebus_murinus	Cercopithecus_neglectus,Trachypithecus_francoisi,Ateles_geoffroyi
b_81049	Trachypithecus_cristatus,Hylobates_lar,Macaca_fascicularis	Microcebus_murinus,Saguinus_midas,Galago_senegalensis
b_81050	Cercopithecus_neglectus,Mandrillus_sphinx,Trachypithecus_auratus	Callimico_goeldii,Saimiri_sciureus,Ateles_geoffroyi
b_81051	Sapajus_apella,Mandrillus_sphinx,Theropithecus_gelada	Nycticebus_pygmaeus,Galago_senegalensis,Galago_moholi
b_81052	Sapajus_apella,Alouatta_caraya,Theropithecus_gelada	Nycticebus_coucang,Microcebus_murinus,Eulemur_macaco
b_81053	Leontopithecus_rosalia,Ateles_geoffroyi,Trachypithecus_francoisi	Propithecus_coquereli,Eulemur_macaco,Nycticebus_pygmaeus
b_81054	Callimico_goeldii,Ateles_geoffroyi,Saguinus_oedipus	Macaca_fascicularis,Papio_hamadryas,Propithecus_coquereli
b_81055	Nycticebus_coucang,Saguinus_midas,Theropithecus_gelada	Callimico_goeldii,Galago_senegalensis,Alouatta_caraya
b_81056	Macaca_fuscata,Gorilla_gorilla,Leontopithecus_chrysomelas	Nycticebus_pygmaeus,Galago_moholi,Propithecus_coquereli
b_81057	Gorilla_gorilla,Varecia_rubra,Galago_moholi	Ateles_geoffroyi,Saimiri_sciureus,Leontopithecus_rosalia
b_81058	Galago_senegalensis,Nycticebus_pygmaeus,Gorilla_gorilla	Propithecus_coquereli,Alouatta_caraya,Eulemur_macaco
b_81059	Nycticebus_pygmaeus,Alouatta_caraya,Varecia_variegata	Lemur_catta,Galago_senegalensis,Macaca_fascicularis
b_81060	Propithecus_coquereli,Trachypithecus_cristatus,Galago_senegalensis	Sapajus_apella,Leontopithecus_chrysomelas,Saimiri_sciureus
b_81061	Gorilla_gorilla,Trachypithecus_cristatus,Trachypithecus_auratus	Varecia_rubra,Papio_hamadryas,Microcebus_murinus
b_81062	Theropithecus_gelada,Macaca_fascicularis,Gorilla_gorilla	Alouatta_caraya,Saimiri_sciureus,Callithrix_geoffroyi
b_81063	Galago_moholi,Hylobates_lar,Sapajus_apella	Lemur_catta,Saguinus_imperator,Leontopithecus_chrysomelas
b_81064	Saimiri_sciureus,Ateles_geoffroyi,Macaca_silenus	Nycticebus_pygmaeus,Cebuella_pygmaea,Saguinus_oedipus
b_81065	Saguinus_oedipus,Varecia_variegata,Eulemur_macaco	Trachypithecus_cristatus,Mandrillus_sphinx,Cercopithecus_neglectus
b_81066	Saimiri_sciureus,Galago_moholi,Varecia_rubra	Macaca_nigra,Macaca_fuscata,Macaca_silenus
b_81067	Lemur_catta,Macaca_fascicularis,Microcebus_murinus	Trachypithecus_cristatus,Ateles_geoffroyi,Colobus_guereza
b_81068	Trachypithecus_francoisi,Macaca_nigra,Macaca_fascicularis	Eulemur_macaco,Nycticebus_coucang,Leontopithecus_rosalia
b_81069	Nycticebus_coucang,Galago_senegalensis,Microcebus_murinus	Pan_troglodytes,Cercopithecus_neglectus,Alouatta_caraya
b_81070	Nycticebus_coucang,Cercopithecus_neglectus,Nycticebus_pygmaeus	Macaca_fascicularis,Microcebus_murinus,Mandrillus_sphinx
b_81071	Trachypithecus_cristatus,Colobus_guereza,Saguinus_oedipus	Lemur_catta,Saguinus_imperator,Macaca_fuscata
b_81072	Mico_argentatus,Callithrix_jacchus,Saguinus_bicolor	Galago_senegalensis,Galago_moholi,Nycticebus_coucang
b_81073	Macaca_fuscata,Macaca_fascicularis,Papio_hamadryas	Mico_argentatus,Nycticebus_pygmaeus,Eulemur_macaco
b_81074	Propithecus_coquereli,Trachypithecus_francoisi,Pan_troglodytes	Saimiri_sciureus,Ateles_geoffroyi,Colobus_guereza
b_81075	Propithecus_coquereli,Eulemur_macaco,Macaca_fuscata	Callithrix_jacchus,Ateles_geoffroyi,Varecia_variegata
b_81076	Callithrix_jacchus,Saimiri_sciureus,Alouatta_caraya	Macaca_fascicularis,Propithecus_coquereli,Papio_hamadryas
b_81077	Leontopithecus_chrysomelas,Mico_argentatus,Ateles_geoffroyi	Papio_hamadryas,Varecia_rubra,Trachypithecus_cristatus
b_81078	Cercopithecus_neglectus,Macaca_silenus,Macaca_nigra	Varecia_variegata,Varecia_rubra,Alouatta_caraya
b_81079	Sapajus_apella,Eulemur_macaco,Trachypithecus_auratus	Mico_argentatus,Alouatta_caraya,Saguinus_midas
b_81080	Galago_senegalensis,Macaca_nigra,Trachypithecus_auratus	Leontopithecus_chrysomelas,Saguinus_midas,Ateles_geoffroyi
b_81081	Saguinus_oedipus,Saguinus_bicolor,Trachypithecus_francoisi	Varecia_rubra,Galago_senegalensis,Galago_moholi
b_81082	Propithecus_coquereli,Varecia_rubra,Saguinus_imperator	Galago_moholi,Cebuella_pygmaea,Nycticebus_coucang
b_81083	Cebuella_pygmaea,Theropithecus_gelada,Callithrix_geoffroyi	Pan_troglodytes,Lemur_catta,Hylobates_lar
b_81084	Callimico_goeldii,Sapajus_apella,Leontopithecus_rosalia	Trachypithecus_auratus,Nycticebus_coucang,Nycticebus_pygmaeus
b_81085	Lemur_catta,Microcebus_murinus,Sapajus_apella	Macaca_silenus,Theropithecus_gelada,Propithecus_coquereli
b_81086	Propithecus_coquereli,Callimico_goeldii,Cebuella_pygmaea	Galago_senegalensis,Pan_troglodytes,Galago_moholi
b_81087	Pan_troglodytes,Macaca_nigra,Macaca_fascicularis	Eulemur_macaco,Galago_senegalensis,Varecia_rubra
b_81088	Mico_argentatus,Trachypithecus_francoisi,Microcebus_murinus	Ateles_geoffroyi,Sapajus_apella,Saimiri_sciureus
b_81089	Papio_hamadryas,Lemur_catta,Microcebus_murinus	Saguinus_bicolor,Saimiri_sciureus,Alouatta_caraya
b_81090	Macaca_nigra,Theropithecus_gelada,Cercopithecus_neglectus	Nycticebus_pygmaeus,Microcebus_murinus,Saimiri_sciureus
b_81091	Nycticebus_pygmaeus,Ateles_geoffroyi,Saguinus_imperator	Mandrillus_sphinx,Leontopithecus_rosalia,Trachypithecus_auratus
b_81092	Theropithecus_gelada,Leontopithecus_chrysomelas,Microcebus_murinus	Galago_moholi,Eulemur_macaco,Galago_senegalensis
b_81093	Propithecus_coquereli,Alouatta_caraya,Cercopithecus_neglectus	Mandrillus_sphinx,Galago_senegalensis,Colobus_guereza
b_81094	Microcebus_murinus,Sapajus_apella,Lemur_catta	Trachypithecus_francoisi,Saguinus_bicolor,Saguinus_oedipus
b_81095	Saguinus_imperator,Lemur_catta,Varecia_variegata	Cercopithecus_neglectus,Gorilla_gorilla,Leontopithecus_rosalia
b_81096	Macaca_fascicularis,Galago_moholi,Galago_senegalensis	Ateles_geoffroyi,Leontopithecus_rosalia,Saguinus_imperator
b_81097	Galago_moholi,Saguinus_midas,Propithecus_coquereli	Macaca_silenus,Eulemur_macaco,Papio_hamadryas
b_81098	Saguinus_midas,Varecia_variegata,Propithecus_coquereli	Galago_senegalensis,Papio_hamadryas,Nycticebus_coucang
b_81099	Leontopithecus_rosalia,Saguinus_oedipus,Saguinus_imperator	Nycticebus_coucang,Lemur_catta,Papio_hamadryas
b_81100	Varecia_rubra,Galago_moholi,Varecia_variegata	Saguinus_bicolor,Saguinus_midas,Papio_hamadryas
b_81101	Cebuella_pygmaea,Pan_troglodytes,Sapajus_apella	Colobus_guereza,Theropithecus_gelada,Trachypithecus_auratus
b_81102	Gorilla_gorilla,Trachypithecus_francoisi,Saimiri_sciureus	Eulemur_macaco,Papio_hamadryas,Varecia_rubra
b_81103	Lemur_catta,Saguinus_oedipus,Varecia_variegata	Cercopithecus_neglectus,Colobus_guereza,Saguinus_imperator
b_81104	Varecia_variegata,Mandrillus_sphinx,Eulemur_macaco	Saguinus_midas,Saguinus_oedipus,Trachypithecus_cristatus
b_81105	Nycticebus_coucang,Galago_senegalensis,Theropithecus_gelada	Saimiri_sciureus,Saguinus_midas,Lemur_catta
b_81106	Eulemur_macaco,Propithecus_coquereli,Lemur_catta	Macaca_fascicularis,Theropithecus_gelada,Cercopithecus_neglectus
b_81107	Saimiri_sciureus,Saguinus_midas,Microcebus_murinus	Trachypithecus_francoisi,Colobus_guereza,Trachypithecus_auratus
b_81108	Gorilla_gorilla,Alouatta_caraya,Papio_hamadryas	Saimiri_sciureus,Trachypithecus_cristatus,Galago_moholi
b_81109	Cercopithecus_neglectus,Trachypithecus_auratus,Saimiri_sciureus	Galago_moholi,Nycticebus_coucang,Alouatta_caraya
b_81110	Trachypithecus_auratus,Colobus_guereza,Macaca_fuscata	Eulemur_macaco,Ateles_geoffroyi,Lemur_catta
b_81111	Eulemur_macaco,Nycticebus_coucang,Trachypithecus_francoisi	Papio_hamadryas,Macaca_fascicularis,Alouatta_caraya
b_81112	Trachypithecus_francoisi,Eulemur_macaco,Ateles_geoffroyi	Galago_moholi,Leontopithecus_chrysomelas,Saguinus_imperator
b_81113	Macaca_silenus,Cercopithecus_neglectus,Propithecus_coquereli	Nycticebus_pygmaeus,Galago_moholi,Callimico_goeldii
b_81114	Leontopithecus_rosalia,Saguinus_bicolor,Callimico_goeldii	Macaca_fuscata,Propithecus_coquereli,Lemur_catta
b_81115	Nycticebus_pygmaeus,Trachypithecus_francoisi,Callithrix_geoffroyi	Varecia_variegata,Pan_troglodytes,Galago_senegalensis
b_81116	Nycticebus_coucang,Saguinus_oedipus,Nycticebus_pygmaeus	Eulemur_macaco,Varecia_variegata,Microcebus_murinus
b_81117	Ateles_geoffroyi,Leontopithecus_chrysomelas,Microcebus_murinus	Cercopithecus_neglectus,Hylobates_lar,Gorilla_gorilla
b_81118	Gorilla_gorilla,Hylobates_lar,Papio_hamadryas	Nycticebus_coucang,Alouatta_caraya,Saguinus_imperator
b_81119	Alouatta_caraya,Trachypithecus_cristatus,Sapajus_apella	Varecia_variegata,Microcebus_murinus,Macaca_silenus
b_81120	Macaca_fuscata,Macaca_silenus,Papio_hamadryas	Galago_senegalensis,Galago_moholi,Nycticebus_coucang
b_81121	Theropithecus_gelada,Trachypithecus_francoisi,Propithecus_coquereli	Callimico_goeldii,Leontopithecus_rosalia,Leontopithecus_chrysomelas
b_81122	Macaca_fascicularis,Varecia_variegata,Nycticebus_coucang	Callimico_goeldii,Gorilla_gorilla,Microcebus_murinus
b_81123	Cebuella_pygmaea,Gorilla_gorilla,Nycticebus_coucang	Trachypithecus_francoisi,Papio_hamadryas,Theropithecus_gelada
b_81124	Macaca_fuscata,Sapajus_apella,Leontopithecus_chrysomelas	Saguinus_imperator,Colobus_guereza,Nycticebus_pygmaeus
b_81125	Callimico_goeldii,Callithrix_jacchus,Saimiri_sciureus	Varecia_rubra,Lemur_catta,Cercopithecus_neglectus
b_81126	Callithrix_jacchus,Nycticebus_pygmaeus,Saimiri_sciureus	Pan_troglodytes,Hylobates_lar,Saguinus_midas
b_81127	Nycticebus_coucang,Colobus_guereza,Varecia_variegata	Trachypithecus_auratus,Saguinus_midas,Saguinus_oedipus
b_81128	Saguinus_bicolor,Saguinus_imperator,Mico_argentatus	Varecia_variegata,Varecia_rubra,Pan_troglodytes
b_81129	Galago_moholi,Ateles_geoffroyi,Galago_senegalensis	Colobus_guereza,Macaca_silenus,Callithrix_geoffroyi
b_81130	Saguinus_bicolor,Cercopithecus_neglectus,Theropithecus_gelada	Galago_moholi,Varecia_variegata,Propithecus_coquereli
b_81131	Nycticebus_coucang,Macaca_fuscata,Lemur_catta	Leontopithecus_rosalia,Callithrix_jacchus,Leontopithecus_chrysomelas
b_81132	Saguinus_midas,Saguinus_bicolor,Mico_argentatus	Eulemur_macaco,Macaca_fuscata,Nycticebus_pygmaeus
b_81133	Leontopithecus_rosalia,Galago_moholi,Galago_senegalensis	Varecia_variegata,Varecia_rubra,Saimiri_sciureus
b_81134	Callimico_goeldii,Alouatta_caraya,Eulemur_macaco	Microcebus_murinus,Nycticebus_pygmaeus,Nycticebus_coucang
b_81135	Lemur_catta,Cercopithecus_neglectus,Saguinus_imperator	Galago_moholi,Galago_senegalensis,Propithecus_coquereli
b_81136	Gorilla_gorilla,Macaca_silenus,Hylobates_lar	Propithecus_coquereli,Callimico_goeldii,Mandrillus_sphinx
b_81137	Cebuella_pygmaea,Microcebus_murinus,Callithrix_jacchus	Trachypithecus_francoisi,Colobus_guereza,Galago_moholi
b_81138	Callimico_goeldii,Ateles_geoffroyi,Cebuella_pygmaea	Papio_hamadryas,Pan_troglodytes,Propithecus_coquereli
b_81139	Saimiri_sciureus,Saguinus_imperator,Saguinus_bicolor	Pan_troglodytes,Sapajus_apella,Lemur_catta
b_81140	Nycticebus_pygmaeus,Eulemur_macaco,Cercopithecus_neglectus	Ateles_geoffroyi,Sapajus_apella,Macaca_nigra
b_81141	Eulemur_macaco,Gorilla_gorilla,Lemur_catta	Callithrix_jacchus,Trachypithecus_auratus,Saguinus_midas
b_81142	Alouatta_caraya,Saguinus_bicolor,Hylobates_lar	Macaca_nigra,Nycticebus_pygmaeus,Nycticebus_coucang
b_81143	Mico_argentatus,Callimico_goeldii,Saguinus_oedipus	Pan_troglodytes,Microcebus_murinus,Varecia_variegata
b_81144	Trachypithecus_auratus,Leontopithecus_chrysomelas,Trachypithecus_cristatus	Microcebus_murinus,Varecia_variegata,Gorilla_gorilla
b_81145	Galago_senegalensis,Nycticebus_coucang,Microcebus_murinus	Cercopithecus_neglectus,Macaca_fascicularis,Trachypithecus_cristatus
b_81146	Colobus_guereza,Papio_hamadryas,Theropithecus_gelada	Propithecus_coquereli,Galago_senegalensis,Galago_moholi
b_81147	Colobus_guereza,Galago_senegalensis,Hylobates_lar	Cercopithecus_neglectus,Trachypithecus_francoisi,Varecia_rubra
b_81148	Microcebus_murinus,Macaca_silenus,Callimico_goeldii	Galago_senegalensis,Varecia_rubra,Callithrix_jacchus
b_81149	Leontopithecus_rosalia,Pan_troglodytes,Alouatta_caraya	Propithecus_coquereli,Hylobates_lar,Trachypithecus_auratus
b_81150	Callimico_goeldii,Propithecus_coquereli,Varecia_variegata	Colobus_guereza,Macaca_fuscata,Macaca_silenus
b_81151	Ateles_geoffroyi,Sapajus_apella,Leontopithecus_chrysomelas	Lemur_catta,Trachypithecus_francoisi,Microcebus_murinus
b_81152	Eulemur_macaco,Microcebus_murinus,Saguinus_imperator	Ateles_geoffroyi,Trachypithecus_auratus,Trachypithecus_cristatus
b_81153	Mico_argentatus,Leontopithecus_chrysomelas,Callithrix_geoffroyi	Papio_hamadryas,Eulemur_macaco,Theropithecus_gelada
b_81154	Macaca_nigra,Galago_senegalensis,Colobus_guereza	Callithrix_geoffroyi,Varecia_rubra,Saguinus_imperator
b_81155	Pan_troglodytes,Callimico_goeldii,Mico_argentatus	Eulemur_macaco,Microcebus_murinus,Lemur_catta
b_81156	Varecia_variegata,Trachypithecus_cristatus,Lemur_catta	Macaca_fascicularis,Microcebus_murinus,Mico_argentatus
b_81157	Mandrillus_sphinx,Saguinus_bicolor,Alouatta_caraya	Propithecus_coquereli,Leontopithecus_rosalia,Nycticebus_coucang
b_81158	Leontopithecus_chrysomelas,Leontopithecus_rosalia,Mico_argentatus	Nycticebus_pygmaeus,Galago_senegalensis,Callithrix_geoffroyi
b_81159	Propithecus_coquereli,Trachypithecus_francoisi,Microcebus_murinus	Alouatta_caraya,Leontopithecus_chrysomelas,Lemur_catta
b_81160	Galago_senegalensis,Varecia_variegata,Nycticebus_coucang	Ateles_geoffroyi,Saimiri_sciureus,Leontopithecus_rosalia
b_81161	Saguinus_imperator,Callithrix_geoffroyi,Saguinus_oedipus	Propithecus_coquereli,Colobus_guereza,Pan_troglodytes
b_81162	Macaca_nigra,Nycticebus_pygmaeus,Varecia_rubra	Trachypithecus_francoisi,Sapajus_apella,Ateles_geoffroyi
b_81163	Hylobates_lar,Saguinus_oedipus,Saimiri_sciureus	Microcebus_murinus,Nycticebus_coucang,Macaca_silenus
b_81164	Leontopithecus_chrysomelas,Callithrix_jacchus,Saguinus_bicolor	Mandrillus_sphinx,Trachypithecus_francoisi,Trachypithecus_auratus
b_81165	Cebuella_pygmaea,Macaca_silenus,Macaca_fuscata	Alouatta_caraya,Galago_senegalensis,Nycticebus_coucang
b_81166	Callithrix_jacchus,Galago_moholi,Lemur_catta	Trachypithecus_auratus,Trachypithecus_francoisi,Gorilla_gorilla
b_81167	Callithrix_jacchus,Macaca_silenus,Macaca_nigra	Alouatta_caraya,Saguinus_imperator,Saguinus_oedipus
b_81168	Saguinus_oedipus,Callithrix_geoffroyi,Colobus_guereza	Leontopithecus_chrysomelas,Eulemur_macaco,Nycticebus_pygmaeus
b_81169	Trachypithecus_auratus,Papio_hamadryas,Cercopithecus_neglectus	Saimiri_sciureus,Propithecus_coquereli,Saguinus_midas
b_81170	Microcebus_murinus,Nycticebus_coucang,Ateles_geoffroyi	Lemur_catta,Propithecus_coquereli,Mico_argentatus
b_81171	Mico_argentatus,Callithrix_geoffroyi,Callimico_goeldii	Galago_senegalensis,Propithecus_coquereli,Microcebus_murinus
b_81172	Papio_hamadryas,Trachypithecus_francoisi,Trachypithecus_cristatus	Callimico_goeldii,Callithrix_geoffroyi,Mico_argentatus
b_81173	Cercopithecus_neglectus,Galago_senegalensis,Lemur_catta	Gorilla_gorilla,Sapajus_apella,Saguinus_imperator
b_81174	Eulemur_macaco,Microcebus_murinus,Macaca_silenus	Saguinus_midas,Callithrix_geoffroyi,Saguinus_bicolor
b_81175	Macaca_fascicularis,Pan_troglodytes,Ateles_geoffroyi	Trachypithecus_francoisi,Cebuella_pygmaea,Callithrix_jacchus
b_81176	Macaca_nigra,Macaca_fascicularis,Papio_hamadryas	Saguinus_oedipus,Hylobates_lar,Saguinus_bicolor
b_81177	Eulemur_macaco,Microcebus_murinus,Varecia_variegata	Alouatta_caraya,Trachypithecus_auratus,Saimiri_sciureus
b_81178	Mandrillus_sphinx,Nycticebus_coucang,Gorilla_gorilla	Trachypithecus_auratus,Leontopithecus_chrysomelas,Trachypithecus_cristatus
b_81179	Saimiri_sciureus,Callimico_goeldii,Galago_moholi	Callithrix_jacchus,Theropithecus_gelada,Papio_hamadryas
b_81180	Mandrillus_sphinx,Macaca_nigra,Lemur_catta	Saguinus_bicolor,Ateles_geoffroyi,Leontopithecus_chrysomelas
b_81181	Colobus_guereza,Varecia_rubra,Lemur_catta	Callithrix_geoffroyi,Callithrix_jacchus,Callimico_goeldii
b_81182	Propithecus_coquereli,Trachypithecus_cristatus,Alouatta_caraya	Callimico_goeldii,Callithrix_jacchus,Saguinus_oedipus
b_81183	Trachypithecus_auratus,Microcebus_murinus,Varecia_variegata	Leontopithecus_chrysomelas,Sapajus_apella,Callithrix_geoffroyi
b_81184	Microcebus_murinus,Saguinus_midas,Gorilla_gorilla	Lemur_catta,Callithrix_jacchus,Eulemur_macaco
b_81185	Hylobates_lar,Saguinus_imperator,Saguinus_midas	Trachypithecus_cristatus,Cercopithecus_neglectus,Microcebus_murinus
b_81186	Mico_argentatus,Callithrix_geoffroyi,Nycticebus_pygmaeus	Macaca_nigra,Trachypithecus_cristatus,Microcebus_murinus
b_81187	Trachypithecus_auratus,Colobus_guereza,Mandrillus_sphinx	Gorilla_gorilla,Varecia_variegata,Varecia_rubra
b_81188	Galago_senegalensis,Mico_argentatus,Nycticebus_coucang	Saguinus_oedipus,Macaca_fascicularis,Macaca_fuscata
b_81189	Hylobates_lar,Macaca_fascicularis,Macaca_fuscata	Callimico_goeldii,Nycticebus_coucang,Varecia_variegata
b_81190	Saimiri_sciureus,Leontopithecus_chrysomelas,Sapajus_apella	Galago_senegalensis,Galago_moholi,Trachypithecus_francoisi
b_81191	Trachypithecus_auratus,Trachypithecus_francoisi,Macaca_silenus	Nycticebus_pygmaeus,Nycticebus_coucang,Lemur_catta
b_81192	Saimiri_sciureus,Pan_troglodytes,Saguinus_oedipus	Varecia_rubra,Hylobates_lar,Varecia_variegata
b_81193	Varecia_rubra,Varecia_variegata,Pan_troglodytes	Macaca_nigra,Macaca_fuscata,Alouatta_caraya
b_81194	Galago_moholi,Trachypithecus_francoisi,Nycticebus_coucang	Propithecus_coquereli,Varecia_variegata,Microcebus_murinus
b_81195	Saguinus_bicolor,Macaca_nigra,Papio_hamadryas	Nycticebus_coucang,Propithecus_coquereli,Nycticebus_pygmaeus
b_81196	Mandrillus_sphinx,Cebuella_pygmaea,Mico_argentatus	Microcebus_murinus,Hylobates_lar,Varecia_variegata
b_81197	Eulemur_macaco,Lemur_catta,Varecia_rubra	Cercopithecus_neglectus,Papio_hamadryas,Macaca_silenus
b_81198	Macaca_nigra,Colobus_guereza,Theropithecus_gelada	Hylobates_lar,Microcebus_murinus,Lemur_catta
b_81199	Callimico_goeldii,Trachypithecus_cristatus,Trachypithecus_francoisi	Saguinus_imperator,Varecia_rubra,Propithecus_coquereli
b_81200	Sapajus_apella,Callithrix_geoffroyi,Galago_senegalensis	Propithecus_coquereli,Macaca_silenus,Microcebus_murinus
b_81201	Leontopithecus_chrysomelas,Cebuella_pygmaea,Saimiri_sciureus	Galago_senegalensis,Varecia_rubra,Galago_moholi
b_81202	Theropithecus_gelada,Alouatta_caraya,Callithrix_jacchus	Microcebus_murinus,Macaca_fuscata,Propithecus_coquereli
b_81203	Gorilla_gorilla,Ateles_geoffroyi,Macaca_silenus	Galago_moholi,Galago_senegalensis,Varecia_rubra
b_81204	Trachypithecus_francoisi,Trachypithecus_auratus,Mandrillus_sphinx	Microcebus_murinus,Eulemur_macaco,Papio_hamadryas
b_81205	Galago_senegalensis,Gorilla_gorilla,Cercopithecus_neglectus	Alouatta_caraya,Macaca_fascicularis,Ateles_geoffroyi
b_81206	Colobus_guereza,Trachypithecus_cristatus,Cercopithecus_neglectus	Varecia_variegata,Galago_senegalensis,Callimico_goeldii
b_81207	Colobus_guereza,Trachypithecus_cristatus,Theropithecus_gelada	Leontopithecus_rosalia,Saguinus_imperator,Propithecus_coquereli
b_81208	Eulemur_macaco,Saimiri_sciureus,Hylobates_lar	Varecia_variegata,Microcebus_murinus,Leontopithecus_rosalia
b_81209	Gorilla_gorilla,Sapajus_apella,Cebuella_pygmaea	Trachypithecus_auratus,Eulemur_macaco,Macaca_fuscata
b_81210	Macaca_nigra,Galago_moholi,Eulemur_macaco	Alouatta_caraya,Ateles_geoffroyi,Saguinus_imperator
b_81211	Leontopithecus_chrysomelas,Mico_argentatus,Propithecus_coquereli	Galago_moholi,Varecia_rubra,Galago_senegalensis
b_81212	Nycticebus_coucang,Propithecus_coquereli,Trachypithecus_francoisi	Callimico_goeldii,Saguinus_oedipus,Saguinus_imperator
b_81213	Nycticebus_pygmaeus,Galago_moholi,Trachypithecus_cristatus	Alouatta_caraya,Sapajus_apella,Cebuella_pygmaea
b_81214	Alouatta_caraya,Saguinus_imperator,Callithrix_geoffroyi	Nycticebus_coucang,Lemur_catta,Galago_moholi
b_81215	Microcebus_murinus,Nycticebus_pygmaeus,Alouatta_caraya	Mandrillus_sphinx,Saguinus_imperator,Macaca_silenus
b_81216	Galago_senegalensis,Saimiri_sciureus,Microcebus_murinus	Nycticebus_coucang,Ateles_geoffroyi,Alouatta_caraya
b_81217	Cebuella_pygmaea,Cercopithecus_neglectus,Propithecus_coquereli	Galago_moholi,Colobus_guereza,Nycticebus_pygmaeus
b_81218	Trachypithecus_cristatus,Macaca_nigra,Colobus_guereza	Sapajus_apella,Lemur_catta,Varecia_variegata
b_81219	Trachypithecus_auratus,Macaca_fuscata,Macaca_nigra	Callithrix_jacchus,Leontopithecus_chrysomelas,Saimiri_sciureus
b_81220	Macaca_silenus,Microcebus_murinus,Trachypithecus_francoisi	Saguinus_bicolor,Ateles_geoffroyi,Saimiri_sciureus
b_81221	Saguinus_midas,Nycticebus_coucang,Lemur_catta	Papio_hamadryas,Theropithecus_gelada,Callithrix_jacchus
b_81222	Mandrillus_sphinx,Varecia_rubra,Hylobates_lar	Propithecus_coquereli,Galago_moholi,Saimiri_sciureus
b_81223	Cercopithecus_neglectus,Macaca_fuscata,Theropithecus_gelada	Lemur_catta,Ateles_geoffroyi,Pan_troglodytes
b_81224	Papio_hamadryas,Macaca_silenus,Callithrix_jacchus	Saguinus_oedipus,Pan_troglodytes,Eulemur_macaco
b_81225	Colobus_guereza,Callithrix_geoffroyi,Cercopithecus_neglectus	Galago_moholi,Propithecus_coquereli,Ateles_geoffroyi
b_81226	Saimiri_sciureus,Sapajus_apella,Ateles_geoffroyi	Macaca_fascicularis,Macaca_silenus,Macaca_nigra
b_81227	Macaca_fascicularis,Cercopithecus_neglectus,Papio_hamadryas	Microcebus_murinus,Leontopithecus_rosalia,Mico_argentatus
b_81228	Varecia_rubra,Nycticebus_coucang,Microcebus_murinus	Theropithecus_gelada,Eulemur_macaco,Macaca_fuscata
b_81229	Saguinus_imperator,Alouatta_caraya,Varecia_rubra	Theropithecus_gelada,Colobus_guereza,Trachypithecus_cristatus
b_81230	Cebuella_pygmaea,Saguinus_bicolor,Saguinus_imperator	Microcebus_murinus,Trachypithecus_francoisi,Trachypithecus_cristatus
b_81231	Saimiri_sciureus,Varecia_variegata,Callimico_goeldii	Leontopithecus_chrysomelas,Alouatta_caraya,Galago_moholi
b_81232	Lemur_catta,Propithecus_coquereli,Saguinus_midas	Varecia_variegata,Macaca_silenus,Galago_senegalensis
b_81233	Gorilla_gorilla,Mandrillus_sphinx,Eulemur_macaco	Saguinus_oedipus,Saguinus_bicolor,Leontopithecus_chrysomelas
b_81234	Propithecus_coquereli,Eulemur_macaco,Galago_moholi	Macaca_fuscata,Trachypithecus_francoisi,Gorilla_gorilla
b_81235	Theropithecus_gelada,Propithecus_coquereli,Nycticebus_pygmaeus	Callimico_goeldii,Callithrix_geoffroyi,Callithrix_jacchus
b_81236	Pan_troglodytes,Trachypithecus_cristatus,Trachypithecus_francoisi	Saguinus_bicolor,Macaca_fascicularis,Macaca_nigra
b_81237	Macaca_fascicularis,Mandrillus_sphinx,Pan_troglodytes	Microcebus_murinus,Saguinus_imperator,Varecia_variegata
b_81238	Pan_troglodytes,Hylobates_lar,Macaca_silenus	Saguinus_oedipus,Varecia_variegata,Saimiri_sciureus
b_81239	Galago_moholi,Saimiri_sciureus,Ateles_geoffroyi	Gorilla_gorilla,Mandrillus_sphinx,Macaca_fuscata
b_81240	Nycticebus_pygmaeus,Galago_moholi,Propithecus_coquereli	Mico_argentatus,Leontopithecus_rosalia,Pan_troglodytes
b_81241	Saguinus_oedipus,Pan_troglodytes,Macaca_fuscata	Nycticebus_coucang,Microcebus_murinus,Varecia_variegata
b_81242	Propithecus_coquereli,Galago_senegalensis,Nycticebus_coucang	Macaca_fascicularis,Pan_troglodytes,Colobus_guereza
b_81243	Leontopithecus_chrysomelas,Saguinus_oedipus,Cercopithecus_neglectus	Galago_moholi,Lemur_catta,Trachypithecus_auratus
b_81244	Nycticebus_coucang,Eulemur_macaco,Varecia_variegata	Sapajus_apella,Gorilla_gorilla,Callimico_goeldii
b_81245	Callithrix_geoffroyi,Saimiri_sciureus,Leontopithecus_chrysomelas	Hylobates_lar,Cercopithecus_neglectus,Macaca_nigra
b_81246	Callimico_goeldii,Saguinus_oedipus,Lemur_catta	Trachypithecus_cristatus,Ateles_geoffroyi,Trachypithecus_francoisi
b_81247	Pan_troglodytes,Callithrix_geoffroyi,Cercopithecus_neglectus	Sapajus_apella,Alouatta_caraya,Ateles_geoffroyi
b_81248	Saguinus_bicolor,Ateles_geoffroyi,Galago_moholi	Lemur_catta,Propithecus_coquereli,Sapajus_apella
b_81249	Sapajus_apella,Callimico_goeldii,Callithrix_geoffroyi	Eulemur_macaco,Varecia_variegata,Varecia_rubra
b_81250	Macaca_nigra,Sapajus_apella,Alouatta_caraya	Varecia_rubra,Leontopithecus_rosalia,Varecia_variegata
b_81251	Saguinus_bicolor,Propithecus_coquereli,Varecia_variegata	Alouatta_caraya,Callimico_goeldii,Mico_argentatus
b_81252	Leontopithecus_rosalia,Galago_moholi,Ateles_geoffroyi	Sapajus_apella,Theropithecus_gelada,Saguinus_bicolor
b_81253	Hylobates_lar,Nycticebus_pygmaeus,Eulemur_macaco	Sapajus_apella,Ateles_geoffroyi,Mico_argentatus
b_81254	Eulemur_macaco,Nycticebus_pygmaeus,Gorilla_gorilla	Trachypithecus_auratus,Trachypithecus_cristatus,Macaca_silenus
b_81255	Mico_argentatus,Saguinus_bicolor,Eulemur_macaco	Nycticebus_coucang,Propithecus_coquereli,Galago_moholi
b_81256	Propithecus_coquereli,Trachypithecus_cristatus,Trachypithecus_auratus	Colobus_guereza,Nycticebus_coucang,Sapajus_apella
b_81257	Eulemur_macaco,Propithecus_coquereli,Callithrix_jacchus	Alouatta_caraya,Saguinus_midas,Ateles_geoffroyi
b_81258	Microcebus_murinus,Lemur_catta,Trachypithecus_auratus	Leontopithecus_rosalia,Cebuella_pygmaea,Saguinus_imperator
b_81259	Hylobates_lar,Lemur_catta,Gorilla_gorilla	Sapajus_apella,Saguinus_bicolor,Cebuella_pygmaea
b_81260	Macaca_fascicularis,Macaca_silenus,Papio_hamadryas	Galago_senegalensis,Galago_moholi,Nycticebus_pygmaeus
b_81261	Varecia_rubra,Microcebus_murinus,Nycticebus_coucang	Sapajus_apella,Lemur_catta,Pan_troglodytes
b_81262	Eulemur_macaco,Saguinus_imperator,Alouatta_caraya	Varecia_rubra,Lemur_catta,Saimiri_sciureus
b_81263	Saimiri_sciureus,Varecia_rubra,Microcebus_murinus	Pan_troglodytes,Colobus_guereza,Callithrix_geoffroyi
b_81264	Leontopithecus_rosalia,Saguinus_oedipus,Saguinus_bicolor	Microcebus_murinus,Hylobates_lar,Varecia_rubra
b_81265	Trachypithecus_cristatus,Colobus_guereza,Trachypithecus_francoisi	Gorilla_gorilla,Sapajus_apella,Mico_argentatus
b_81266	Trachypithecus_cristatus,Macaca_fascicularis,Theropithecus_gelada	Alouatta_caraya,Microcebus_murinus,Nycticebus_pygmaeus
b_81267	Callimico_goeldii,Saguinus_bicolor,Saguinus_oedipus	Propithecus_coquereli,Nycticebus_coucang,Hylobates_lar
b_81268	Saimiri_sciureus,Lemur_catta,Pan_troglodytes	Nycticebus_pygmaeus,Macaca_fascicularis,Alouatta_caraya
b_81269	Papio_hamadryas,Alouatta_caraya,Theropithecus_gelada	Microcebus_murinus,Saguinus_midas,Saguinus_imperator
b_81270	Varecia_variegata,Nycticebus_pygmaeus,Gorilla_gorilla	Saguinus_midas,Callithrix_geoffroyi,Callithrix_jacchus
b_81271	Trachypithecus_francoisi,Trachypithecus_cristatus,Callimico_goeldii	Saimiri_sciureus,Varecia_rubra,Varecia_variegata
b_81272	Lemur_catta,Propithecus_coquereli,Trachypithecus_cristatus	Galago_moholi,Saguinus_imperator,Macaca_silenus
b_81273	Nycticebus_pygmaeus,Papio_hamadryas,Callimico_goeldii	Macaca_fascicularis,Hylobates_lar,Varecia_rubra
b_81274	Theropithecus_gelada,Ateles_geoffroyi,Galago_moholi	Pan_troglodytes,Hylobates_lar,Saguinus_midas
b_81275	Galago_senegalensis,Cercopithecus_neglectus,Nycticebus_coucang	Microcebus_murinus,Eulemur_macaco,Propithecus_coquereli
b_81276	Callimico_goeldii,Propithecus_coquereli,Saguinus_imperator	Macaca_fuscata,Macaca_silenus,Hylobates_lar
b_81277	Galago_moholi,Macaca_silenus,Nycticebus_pygmaeus	Microcebus_murinus,Lemur_catta,Hylobates_lar
b_81278	Callithrix_geoffroyi,Galago_senegalensis,Saguinus_oedipus	Microcebus_murinus,Alouatta_caraya,Varecia_rubra
b_81279	Macaca_silenus,Galago_moholi,Trachypithecus_francoisi	Gorilla_gorilla,Callithrix_jacchus,Saguinus_oedipus
b_81280	Mandrillus_sphinx,Macaca_fuscata,Sapajus_apella	Saimiri_sciureus,Galago_senegalensis,Galago_moholi
b_81281	Microcebus_murinus,Propithecus_coquereli,Papio_hamadryas	Saguinus_bicolor,Macaca_silenus,Leontopithecus_chrysomelas
b_81282	Mico_argentatus,Papio_hamadryas,Cercopithecus_neglectus	Nycticebus_pygmaeus,Nycticebus_coucang,Eulemur_macaco
b_81283	Macaca_silenus,Galago_senegalensis,Propithecus_coquereli	Alouatta_caraya,Sapajus_apella,Saguinus_midas
b_81284	Callithrix_geoffroyi,Sapajus_apella,Leontopithecus_chrysomelas	Macaca_fascicularis,Nycticebus_coucang,Nycticebus_pygmaeus
b_81285	Lemur_catta,Hylobates_lar,Pan_troglodytes	Leontopithecus_chrysomelas,Callithrix_geoffroyi,Varecia_variegata
b_81286	Hylobates_lar,Microcebus_murinus,Lemur_catta	Macaca_fascicularis,Callithrix_jacchus,Theropithecus_gelada
b_81287	Trachypithecus_cristatus,Trachypithecus_auratus,Alouatta_caraya	Varecia_variegata,Callimico_goeldii,Varecia_rubra
b_81288	Hylobates_lar,Saguinus_oedipus,Alouatta_caraya	Nycticebus_pygmaeus,Eulemur_macaco,Propithecus_coquereli
b_81289	Gorilla_gorilla,Macaca_fascicularis,Theropithecus_gelada	Trachypithecus_francoisi,Galago_senegalensis,Propithecus_coquereli
b_81290	Nycticebus_pygmaeus,Propithecus_coquereli,Microcebus_murinus	Gorilla_gorilla,Saguinus_bicolor,Leontopithecus_chrysomelas
b_81291	Nycticebus_pygmaeus,Galago_moholi,Theropithecus_gelada	Callithrix_jacchus,Saimiri_sciureus,Saguinus_bicolor
b_81292	Macaca_silenus,Varecia_rubra,Eulemur_macaco	Leontopithecus_rosalia,Ateles_geoffroyi,Alouatta_caraya
b_81293	Ateles_geoffroyi,Varecia_rubra,Alouatta_caraya	Nycticebus_pygmaeus,Theropithecus_gelada,Saimiri_sciureus
b_81294	Varecia_rubra,Eulemur_macaco,Trachypithecus_auratus	Mico_argentatus,Saguinus_oedipus,Saguinus_imperator
b_81295	Theropithecus_gelada,Colobus_guereza,Saguinus_imperator	Eulemur_macaco,Varecia_rubra,Galago_senegalensis
b_81296	Nycticebus_coucang,Varecia_rubra,Mandrillus_sphinx	Sapajus_apella,Saimiri_sciureus,Propithecus_coquereli
b_81297	Ateles_geoffroyi,Sapajus_apella,Saguinus_midas	Papio_hamadryas,Propithecus_coquereli,Hylobates_lar
b_81298	Eulemur_macaco,Varecia_variegata,Papio_hamadryas	Propithecus_coquereli,Ateles_geoffroyi,Saguinus_oedipus
b_81299	Callithrix_jacchus,Sapajus_apella,Colobus_guereza	Nycticebus_pygmaeus,Lemur_catta,Propithecus_coquereli
b_81300	Theropithecus_gelada,Colobus_guereza,Macaca_nigra	Galago_moholi,Trachypithecus_auratus,Nycticebus_pygmaeus
b_81301	Macaca_silenus,Propithecus_coquereli,Nycticebus_coucang	Saimiri_sciureus,Varecia_variegata,Callithrix_jacchus
b_81302	Leontopithecus_rosalia,Trachypithecus_auratus,Pan_troglodytes	Nycticebus_pygmaeus,Galago_senegalensis,Ateles_geoffroyi
b_81303	Propithecus_coquereli,Callithrix_jacchus,Pan_troglodytes	Cercopithecus_neglectus,Microcebus_murinus,Varecia_variegata
b_81304	Varecia_rubra,Macaca_silenus,Lemur_catta	Saguinus_midas,Saguinus_bicolor,Saguinus_oedipus
b_81305	Pan_troglodytes,Macaca_nigra,Cercopithecus_neglectus	Trachypithecus_francoisi,Propithecus_coquereli,Colobus_guereza
b_81306	Lemur_catta,Varecia_rubra,Galago_moholi	Papio_hamadryas,Gorilla_gorilla,Leontopithecus_rosalia
b_81307	Trachypithecus_auratus,Colobus_guereza,Trachypithecus_francoisi	Galago_moholi,Galago_senegalensis,Lemur_catta
b_81308	Macaca_fuscata,Saguinus_bicolor,Macaca_nigra	Nycticebus_pygmaeus,Galago_senegalensis,Nycticebus_coucang
b_81309	Nycticebus_pygmaeus,Saguinus_bicolor,Propithecus_coquereli	Trachypithecus_francoisi,Colobus_guereza,Galago_senegalensis
b_81310	Callimico_goeldii,Saimiri_sciureus,Saguinus_oedipus	Papio_hamadryas,Macaca_silenus,Eulemur_macaco
b_81311	Propithecus_coquereli,Mico_argentatus,Pan_troglodytes	Galago_senegalensis,Galago_moholi,Leontopithecus_rosalia
b_81312	Varecia_rubra,Varecia_variegata,Cercopithecus_neglectus	Mico_argentatus,Leontopithecus_chrysomelas,Saguinus_imperator
b_81313	Eulemur_macaco,Leontopithecus_chrysomelas,Varecia_variegata	Pan_troglodytes,Saimiri_sciureus,Ateles_geoffroyi
b_81314	Mandrillus_sphinx,Macaca_fascicularis,Cercopithecus_neglectus	Nycticebus_pygmaeus,Galago_senegalensis,Macaca_silenus
b_81315	Galago_senegalensis,Nycticebus_pygmaeus,Cebuella_pygmaea	Macaca_nigra,Trachypithecus_francoisi,Theropithecus_gelada
b_81316	Theropithecus_gelada,Lemur_catta,Varecia_rubra	Callithrix_geoffroyi,Saguinus_bicolor,Saguinus_midas
b_81317	Ateles_geoffroyi,Galago_senegalensis,Galago_moholi	Theropithecus_gelada,Saguinus_bicolor,Mandrillus_sphinx
b_81318	Macaca_fuscata,Nycticebus_coucang,Ateles_geoffroyi	Propithecus_coquereli,Eulemur_macaco,Lemur_catta
b_81319	Galago_moholi,Callithrix_jacchus,Mico_argentatus	Varecia_rubra,Varecia_variegata,Saguinus_midas
b_81320	Papio_hamadryas,Varecia_rubra,Lemur_catta	Saguinus_oedipus,Cebuella_pygmaea,Saguinus_imperator
b_81321	Gorilla_gorilla,Callithrix_jacchus,Hylobates_lar	Galago_moholi,Saguinus_bicolor,Microcebus_murinus
b_81322	Microcebus_murinus,Varecia_rubra,Trachypithecus_auratus	Callimico_goeldii,Theropithecus_gelada,Ateles_geoffroyi
b_81323	Nycticebus_pygmaeus,Nycticebus_coucang,Pan_troglodytes	Trachypithecus_cristatus,Saguinus_oedipus,Cercopithecus_neglectus
b_81324	Macaca_silenus,Colobus_guereza,Varecia_variegata	Trachypithecus_francoisi,Macaca_fascicularis,Gorilla_gorilla
b_81325	Varecia_rubra,Lemur_catta,Pan_troglodytes	Papio_hamadryas,Leontopithecus_chrysomelas,Trachypithecus_cristatus
b_81326	Sapajus_apella,Theropithecus_gelada,Trachypithecus_cristatus	Alouatta_caraya,Galago_moholi,Galago_senegalensis
b_81327	Cercopithecus_neglectus,Papio_hamadryas,Galago_moholi	Varecia_variegata,Saguinus_midas,Lemur_catta
b_81328	Ateles_geoffroyi,Galago_moholi,Leontopithecus_chrysomelas	Nycticebus_coucang,Propithecus_coquereli,Varecia_variegata
b_81329	Callimico_goeldii,Colobus_guereza,Callithrix_jacchus	Microcebus_murinus,Pan_troglodytes,Eulemur_macaco
b_81330	Mico_argentatus,Alouatta_caraya,Propithecus_coquereli	Ateles_geoffroyi,Nycticebus_coucang,Galago_moholi
b_81331	Saguinus_midas,Pan_troglodytes,Theropithecus_gelada	Alouatta_caraya,Ateles_geoffroyi,Leontopithecus_chrysomelas
b_81332	Sapajus_apella,Gorilla_gorilla,Hylobates_lar	Callithrix_geoffroyi,Saguinus_bicolor,Nycticebus_coucang
b_81333	Theropithecus_gelada,Hylobates_lar,Trachypithecus_francoisi	Nycticebus_coucang,Lemur_catta,Leontopithecus_chrysomelas
b_81334	Papio_hamadryas,Sapajus_apella,Mandrillus_sphinx	Eulemur_macaco,Varecia_variegata,Colobus_guereza
b_81335	Macaca_fuscata,Microcebus_murinus,Eulemur_macaco	Callimico_goeldii,Saguinus_bicolor,Saguinus_imperator
b_81336	Galago_senegalensis,Mico_argentatus,Leontopithecus_chrysomelas	Colobus_guereza,Gorilla_gorilla,Cercopithecus_neglectus
b_81337	Lemur_catta,Galago_senegalensis,Trachypithecus_cristatus	Mandrillus_sphinx,Cercopithecus_neglectus,Colobus_guereza
b_81338	Pan_troglodytes,Cercopithecus_neglectus,Callithrix_jacchus	Galago_moholi,Nycticebus_pygmaeus,Callimico_goeldii
b_81339	Saguinus_bicolor,Galago_moholi,Propithecus_coquereli	Macaca_nigra,Ateles_geoffroyi,Callimico_goeldii
b_81340	Trachypithecus_francoisi,Alouatta_caraya,Saguinus_bicolor	Lemur_catta,Microcebus_murinus,Theropithecus_gelada
b_81341	Varecia_rubra,Saguinus_midas,Pan_troglodytes	Nycticebus_pygmaeus,Galago_senegalensis,Alouatta_caraya
b_81342	Mandrillus_sphinx,Macaca_silenus,Theropithecus_gelada	Saguinus_bicolor,Alouatta_caraya,Cebuella_pygmaea
b_81343	Nycticebus_coucang,Macaca_silenus,Galago_senegalensis	Pan_troglodytes,Leontopithecus_rosalia,Saguinus_imperator
b_81344	Saguinus_imperator,Varecia_rubra,Nycticebus_pygmaeus	Macaca_fascicularis,Sapajus_apella,Leontopithecus_chrysomelas
b_81345	Saguinus_midas,Saguinus_bicolor,Papio_hamadryas	Lemur_catta,Galago_moholi,Galago_senegalensis
b_81346	Saguinus_oedipus,Eulemur_macaco,Saguinus_bicolor	Galago_senegalensis,Macaca_nigra,Papio_hamadryas
b_81347	Microcebus_murinus,Galago_senegalensis,Galago_moholi	Callimico_goeldii,Colobus_guereza,Macaca_nigra
b_81348	Mandrillus_sphinx,Trachypithecus_auratus,Macaca_silenus	Saguinus_bicolor,Lemur_catta,Pan_troglodytes
b_81349	Hylobates_lar,Ateles_geoffroyi,Callimico_goeldii	Saimiri_sciureus,Microcebus_murinus,Nycticebus_pygmaeus
b_81350	Theropithecus_gelada,Alouatta_caraya,Varecia_variegata	Trachypithecus_francoisi,Trachypithecus_auratus,Saimiri_sciureus
b_81351	Nycticebus_pygmaeus,Saguinus_oedipus,Galago_senegalensis	Cercopithecus_neglectus,Alouatta_caraya,Propithecus_coquereli
b_81352	Macaca_silenus,Colobus_guereza,Lemur_catta	Mico_argentatus,Sapajus_apella,Galago_senegalensis
b_81353	Varecia_variegata,Varecia_rubra,Colobus_guereza	Papio_hamadryas,Galago_senegalensis,Galago_moholi
b_81354	Varecia_variegata,Lemur_catta,Macaca_nigra	Nycticebus_pygmaeus,Theropithecus_gelada,Microcebus_murinus
b_81355	Nycticebus_pygmaeus,Cercopithecus_neglectus,Propithecus_coquereli	Callithrix_geoffroyi,Saguinus_imperator,Cebuella_pygmaea
b_81356	Lemur_catta,Theropithecus_gelada,Eulemur_macaco	Cebuella_pygmaea,Cercopithecus_neglectus,Macaca_fascicularis
b_81357	Callithrix_geoffroyi,Leontopithecus_chrysomelas,Alouatta_caraya	Saimiri_sciureus,Theropithecus_gelada,Macaca_nigra
b_81358	Galago_senegalensis,Gorilla_gorilla,Theropithecus_gelada	Alouatta_caraya,Cebuella_pygmaea,Callimico_goeldii
b_81359	Mandrillus_sphinx,Leontopithecus_rosalia,Papio_hamadryas	Microcebus_murinus,Varecia_rubra,Ateles_geoffroyi
b_81360	Macaca_fascicularis,Mico_argentatus,Macaca_fuscata	Trachypithecus_auratus,Eulemur_macaco,Lemur_catta
b_81361	Cercopithecus_neglectus,Mandrillus_sphinx,Macaca_fuscata	Varecia_rubra,Propithecus_coquereli,Varecia_variegata
b_81362	Galago_moholi,Eulemur_macaco,Lemur_catta	Leontopithecus_chrysomelas,Trachypithecus_francoisi,Microcebus_murinus
b_81363	Lemur_catta,Nycticebus_coucang,Nycticebus_pygmaeus	Theropithecus_gelada,Papio_hamadryas,Saguinus_imperator
b_81364	Colobus_guereza,Theropithecus_gelada,Sapajus_apella	Nycticebus_coucang,Eulemur_macaco,Lemur_catta
b_81365	Papio_hamadryas,Mandrillus_sphinx,Macaca_silenus	Galago_senegalensis,Lemur_catta,Saimiri_sciureus
b_81366	Lemur_catta,Varecia_variegata,Saguinus_oedipus	Alouatta_caraya,Mico_argentatus,Papio_hamadryas
b_81367	Cebuella_pygmaea,Saguinus_imperator,Saimiri_sciureus	Trachypithecus_auratus,Varecia_variegata,Macaca_fascicularis
b_81368	Lemur_catta,Microcebus_murinus,Nycticebus_pygmaeus	Callimico_goeldii,Callithrix_jacchus,Mandrillus_sphinx
b_81369	Galago_moholi,Microcebus_murinus,Nycticebus_coucang	Lemur_catta,Callimico_goeldii,Leontopithecus_chrysomelas
b_81370	Galago_moholi,Saguinus_oedipus,Nycticebus_pygmaeus	Leontopithecus_chrysomelas,Papio_hamadryas,Cercopithecus_neglectus
b_81371	Varecia_rubra,Colobus_guereza,Trachypithecus_auratus	Nycticebus_pygmaeus,Nycticebus_coucang,Gorilla_gorilla
b_81372	Theropithecus_gelada,Papio_hamadryas,Saguinus_bicolor	Varecia_variegata,Varecia_rubra,Microcebus_murinus
b_81373	Trachypithecus_cristatus,Macaca_fascicularis,Gorilla_gorilla	Mico_argentatus,Galago_moholi,Lemur_catta
b_81374	Lemur_catta,Nycticebus_pygmaeus,Hylobates_lar	Colobus_guereza,Macaca_nigra,Macaca_silenus
b_81375	Hylobates_lar,Mandrillus_sphinx,Trachypithecus_auratus	Leontopithecus_rosalia,Nycticebus_pygmaeus,Lemur_catta
b_81376	Microcebus_murinus,Varecia_variegata,Papio_hamadryas	Trachypithecus_cristatus,Callimico_goeldii,Mico_argentatus
b_81377	Nycticebus_pygmaeus,Varecia_variegata,Colobus_guereza	Gorilla_gorilla,Cebuella_pygmaea,Sapajus_apella
b_81378	Propithecus_coquereli,Galago_senegalensis,Microcebus_murinus	Theropithecus_gelada,Saguinus_imperator,Macaca_silenus
b_81379	Leontopithecus_rosalia,Sapajus_apella,Cebuella_pygmaea	Galago_senegalensis,Nycticebus_coucang,Hylobates_lar
b_81380	Leontopithecus_chrysomelas,Galago_senegalensis,Galago_moholi	Theropithecus_gelada,Lemur_catta,Cercopithecus_neglectus
b_81381	Macaca_silenus,Galago_moholi,Eulemur_macaco	Callithrix_jacchus,Saguinus_oedipus,Sapajus_apella
b_81382	Eulemur_macaco,Lemur_catta,Trachypithecus_francoisi	Leontopithecus_chrysomelas,Callimico_goeldii,Gorilla_gorilla
b_81383	Callithrix_jacchus,Galago_moholi,Ateles_geoffroyi	Trachypithecus_cristatus,Theropithecus_gelada,Pan_troglodytes
b_81384	Galago_moholi,Nycticebus_coucang,Sapajus_apella	Hylobates_lar,Cercopithecus_neglectus,Varecia_variegata
b_81385	Colobus_guereza,Trachypithecus_francoisi,Pan_troglodytes	Nycticebus_pygmaeus,Propithecus_coquereli,Callithrix_geoffroyi
b_81386	Theropithecus_gelada,Trachypithecus_francoisi,Macaca_silenus	Pan_troglodytes,Varecia_rubra,Varecia_variegata
b_81387	Alouatta_caraya,Callimico_goeldii,Ateles_geoffroyi	Trachypithecus_francoisi,Nycticebus_pygmaeus,Nycticebus_coucang
b_81388	Nycticebus_pygmaeus,Galago_moholi,Saguinus_bicolor	Macaca_silenus,Trachypithecus_francoisi,Papio_hamadryas
b_81389	Hylobates_lar,Ateles_geoffroyi,Galago_senegalensis	Propithecus_coquereli,Eulemur_macaco,Mandrillus_sphinx
b_81390	Trachypithecus_francoisi,Macaca_silenus,Papio_hamadryas	Leontopithecus_rosalia,Cebuella_pygmaea,Microcebus_murinus
b_81391	Trachypithecus_francoisi,Macaca_nigra,Trachypithecus_auratus	Gorilla_gorilla,Eulemur_macaco,Pan_troglodytes
b_81392	Nycticebus_pygmaeus,Varecia_rubra,Pan_troglodytes	Trachypithecus_auratus,Trachypithecus_francoisi,Cercopithecus_neglectus
b_81393	Nycticebus_pygmaeus,Saimiri_sciureus,Mico_argentatus	Propithecus_coquereli,Colobus_guereza,Gorilla_gorilla
b_81394	Gorilla_gorilla,Callithrix_geoffroyi,Hylobates_lar	Propithecus_coquereli,Callimico_goeldii,Leontopithecus_rosalia
b_81395	Mico_argentatus,Nycticebus_coucang,Nycticebus_pygmaeus	Propithecus_coquereli,Lemur_catta,Hylobates_lar
b_81396	Varecia_rubra,Lemur_catta,Gorilla_gorilla	Sapajus_apella,Saguinus_oedipus,Propithecus_coquereli
b_81397	Cercopithecus_neglectus,Mandrillus_sphinx,Macaca_nigra	Varecia_rubra,Sapajus_apella,Gorilla_gorilla
b_81398	Leontopithecus_chrysomelas,Papio_hamadryas,Macaca_fascicularis	Nycticebus_coucang,Varecia_variegata,Nycticebus_pygmaeus
b_81399	Colobus_guereza,Macaca_fascicularis,Microcebus_murinus	Leontopithecus_rosalia,Ateles_geoffroyi,Saguinus_imperator
b_81400	Microcebus_murinus,Colobus_guereza,Galago_senegalensis	Saguinus_oedipus,Mico_argentatus,Leontopithecus_rosalia
b_81401	Cercopithecus_neglectus,Macaca_fascicularis,Trachypithecus_cristatus	Leontopithecus_rosalia,Sapajus_apella,Mico_argentatus
b_81402	Trachypithecus_cristatus,Eulemur_macaco,Propithecus_coquereli	Callithrix_jacchus,Callithrix_geoffroyi,Mico_argentatus
b_81403	Microcebus_murinus,Trachypithecus_auratus,Macaca_fuscata	Propithecus_coquereli,Varecia_variegata,Varecia_rubra
b_81404	Saimiri_sciureus,Galago_moholi,Gorilla_gorilla	Trachypithecus_auratus,Trachypithecus_francoisi,Eulemur_macaco
b_81405	Callithrix_jacchus,Saguinus_midas,Saguinus_oedipus	Microcebus_murinus,Varecia_rubra,Varecia_variegata
b_81406	Cercopithecus_neglectus,Leontopithecus_chrysomelas,Propithecus_coquereli	Galago_moholi,Nycticebus_coucang,Mico_argentatus
b_81407	Leontopithecus_chrysomelas,Sapajus_apella,Mico_argentatus	Cercopithecus_neglectus,Varecia_variegata,Propithecus_coquereli
b_81408	Pan_troglodytes,Microcebus_murinus,Trachypithecus_francoisi	Alouatta_caraya,Cebuella_pygmaea,Cercopithecus_neglectus
b_81409	Microcebus_murinus,Trachypithecus_francoisi,Colobus_guereza	Cebuella_pygmaea,Mico_argentatus,Nycticebus_pygmaeus
b_81410	Nycticebus_coucang,Gorilla_gorilla,Pan_troglodytes	Ateles_geoffroyi,Saguinus_oedipus,Saguinus_midas
b_81411	Callimico_goeldii,Saimiri_sciureus,Colobus_guereza	Saguinus_bicolor,Eulemur_macaco,Lemur_catta
b_81412	Saguinus_oedipus,Callithrix_jacchus,Saguinus_midas	Macaca_fuscata,Hylobates_lar,Pan_troglodytes
b_81413	Alouatta_caraya,Ateles_geoffroyi,Gorilla_gorilla	Galago_senegalensis,Propithecus_coquereli,Theropithecus_gelada
b_81414	Nycticebus_pygmaeus,Eulemur_macaco,Galago_senegalensis	Sapajus_apella,Saguinus_midas,Hylobates_lar
b_81415	Callithrix_geoffroyi,Leontopithecus_rosalia,Saguinus_bicolor	Varecia_rubra,Galago_senegalensis,Galago_moholi
b_81416	Hylobates_lar,Gorilla_gorilla,Lemur_catta	Nycticebus_coucang,Macaca_fascicularis,Macaca_fuscata
b_81417	Galago_moholi,Microcebus_murinus,Nycticebus_pygmaeus	Varecia_rubra,Saguinus_midas,Saguinus_imperator
b_81418	Hylobates_lar,Callithrix_geoffroyi,Mico_argentatus	Saguinus_bicolor,Callimico_goeldii,Microcebus_murinus
b_81419	Saguinus_imperator,Nycticebus_pygmaeus,Saguinus_bicolor	Macaca_silenus,Saimiri_sciureus,Galago_moholi
b_81420	Macaca_nigra,Hylobates_lar,Nycticebus_coucang	Varecia_variegata,Eulemur_macaco,Microcebus_murinus
b_81421	Gorilla_gorilla,Trachypithecus_francoisi,Macaca_fuscata	Cercopithecus_neglectus,Hylobates_lar,Saimiri_sciureus
b_81422	Nycticebus_coucang,Papio_hamadryas,Nycticebus_pygmaeus	Saimiri_sciureus,Sapajus_apella,Saguinus_midas
b_81423	Leontopithecus_rosalia,Galago_senegalensis,Ateles_geoffroyi	Saguinus_oedipus,Macaca_fuscata,Cercopithecus_neglectus
b_81424	Trachypithecus_auratus,Mandrillus_sphinx,Macaca_fuscata	Callimico_goeldii,Cebuella_pygmaea,Saimiri_sciureus
b_81425	Varecia_rubra,Macaca_silenus,Microcebus_murinus	Theropithecus_gelada,Colobus_guereza,Saimiri_sciureus
b_81426	Cercopithecus_neglectus,Nycticebus_coucang,Microcebus_murinus	Callithrix_geoffroyi,Callithrix_jacchus,Alouatta_caraya
b_81427	Cercopithecus_neglectus,Colobus_guereza,Trachypithecus_auratus	Varecia_rubra,Ateles_geoffroyi,Varecia_variegata
b_81428	Macaca_silenus,Trachypithecus_cristatus,Cercopithecus_neglectus	Saguinus_midas,Leontopithecus_rosalia,Leontopithecus_chrysomelas
b_81429	Leontopithecus_rosalia,Mico_argentatus,Lemur_catta	Eulemur_macaco,Macaca_nigra,Colobus_guereza
b_81430	Saguinus_oedipus,Eulemur_macaco,Cebuella_pygmaea	Microcebus_murinus,Pan_troglodytes,Papio_hamadryas
b_81431	Callimico_goeldii,Cebuella_pygmaea,Leontopithecus_chrysomelas	Trachypithecus_francoisi,Mandrillus_sphinx,Theropithecus_gelada
b_81432	Pan_troglodytes,Papio_hamadryas,Cercopithecus_neglectus	Galago_moholi,Eulemur_macaco,Leontopithecus_rosalia
b_81433	Varecia_rubra,Lemur_catta,Leontopithecus_rosalia	Trachypithecus_auratus,Macaca_silenus,Trachypithecus_cristatus
b_81434	Varecia_variegata,Nycticebus_coucang,Lemur_catta	Galago_senegalensis,Gorilla_gorilla,Macaca_nigra
b_81435	Propithecus_coquereli,Pan_troglodytes,Macaca_fuscata	Saguinus_bicolor,Mico_argentatus,Callithrix_geoffroyi
b_81436	Trachypithecus_auratus,Colobus_guereza,Trachypithecus_francoisi	Callithrix_jacchus,Callimico_goeldii,Leontopithecus_rosalia
b_81437	Saguinus_oedipus,Leontopithecus_chrysomelas,Eulemur_macaco	Gorilla_gorilla,Trachypithecus_cristatus,Alouatta_caraya
b_81438	Eulemur_macaco,Saguinus_midas,Varecia_variegata	Trachypithecus_auratus,Cercopithecus_neglectus,Trachypithecus_francoisi
b_81439	Colobus_guereza,Callithrix_jacchus,Alouatta_caraya	Lemur_catta,Pan_troglodytes,Varecia_variegata
b_81440	Saguinus_bicolor,Saguinus_midas,Varecia_variegata	Alouatta_caraya,Hylobates_lar,Galago_senegalensis
b_81441	Callithrix_jacchus,Sapajus_apella,Saguinus_imperator	Lemur_catta,Propithecus_coquereli,Varecia_rubra
b_81442	Callithrix_geoffroyi,Saguinus_imperator,Leontopithecus_chrysomelas	Trachypithecus_cristatus,Papio_hamadryas,Trachypithecus_auratus
b_81443	Nycticebus_coucang,Mandrillus_sphinx,Nycticebus_pygmaeus	Cercopithecus_neglectus,Callimico_goeldii,Saguinus_imperator
b_81444	Lemur_catta,Saguinus_imperator,Eulemur_macaco	Colobus_guereza,Macaca_fascicularis,Trachypithecus_auratus
b_81445	Theropithecus_gelada,Propithecus_coquereli,Nycticebus_coucang	Trachypithecus_francoisi,Sapajus_apella,Hylobates_lar
b_81446	Trachypithecus_francoisi,Varecia_variegata,Trachypithecus_cristatus	Saguinus_midas,Leontopithecus_chrysomelas,Saguinus_bicolor
b_81447	Propithecus_coquereli,Varecia_rubra,Trachypithecus_cristatus	Alouatta_caraya,Saimiri_sciureus,Macaca_silenus
b_81448	Microcebus_murinus,Lemur_catta,Nycticebus_coucang	Macaca_fascicularis,Trachypithecus_francoisi,Sapajus_apella
b_81449	Microcebus_murinus,Trachypithecus_auratus,Varecia_variegata	Pan_troglodytes,Gorilla_gorilla,Hylobates_lar
b_81450	Saimiri_sciureus,Nycticebus_coucang,Varecia_rubra	Trachypithecus_cristatus,Trachypithecus_francoisi,Mico_argentatus
b_81451	Leontopithecus_rosalia,Colobus_guereza,Eulemur_macaco	Papio_hamadryas,Varecia_rubra,Callimico_goeldii
b_81452	Lemur_catta,Alouatta_caraya,Varecia_rubra	Leontopithecus_chrysomelas,Leontopithecus_rosalia,Sapajus_apella
b_81453	Leontopithecus_chrysomelas,Cebuella_pygmaea,Alouatta_caraya	Theropithecus_gelada,Lemur_catta,Eulemur_macaco
b_81454	Macaca_nigra,Macaca_fascicularis,Galago_moholi	Varecia_rubra,Cercopithecus_neglectus,Eulemur_macaco
b_81455	Callimico_goeldii,Galago_senegalensis,Lemur_catta	Sapajus_apella,Trachypithecus_cristatus,Trachypithecus_francoisi
b_81456	Nycticebus_coucang,Propithecus_coquereli,Papio_hamadryas	Sapajus_apella,Ateles_geoffroyi,Gorilla_gorilla
b_81457	Varecia_variegata,Lemur_catta,Sapajus_apella	Gorilla_gorilla,Macaca_fascicularis,Trachypithecus_cristatus
b_81458	Nycticebus_pygmaeus,Microcebus_murinus,Leontopithecus_rosalia	Trachypithecus_auratus,Trachypithecus_francoisi,Papio_hamadryas
b_81459	Varecia_rubra,Galago_senegalensis,Saguinus_oedipus	Gorilla_gorilla,Papio_hamadryas,Cebuella_pygmaea
b_81460	Callithrix_geoffroyi,Mico_argentatus,Cebuella_pygmaea	Theropithecus_gelada,Trachypithecus_auratus,Trachypithecus_cristatus
b_81461	Theropithecus_gelada,Macaca_silenus,Nycticebus_coucang	Callithrix_jacchus,Trachypithecus_auratus,Microcebus_murinus
b_81462	Pan_troglodytes,Leontopithecus_rosalia,Alouatta_caraya	Mico_argentatus,Trachypithecus_francoisi,Microcebus_murinus
b_81463	Ateles_geoffroyi,Sapajus_apella,Microcebus_murinus	Macaca_silenus,Macaca_fascicularis,Macaca_nigra
b_81464	Varecia_variegata,Alouatta_caraya,Macaca_silenus	Galago_senegalensis,Galago_moholi,Mico_argentatus
b_81465	Microcebus_murinus,Galago_senegalensis,Macaca_fascicularis	Sapajus_apella,Hylobates_lar,Saguinus_midas
b_81466	Leontopithecus_rosalia,Nycticebus_coucang,Gorilla_gorilla	Papio_hamadryas,Galago_moholi,Varecia_rubra
b_81467	Varecia_variegata,Lemur_catta,Saguinus_imperator	Pan_troglodytes,Macaca_fuscata,Trachypithecus_francoisi
b_81468	Alouatta_caraya,Leontopithecus_chrysomelas,Galago_senegalensis	Gorilla_gorilla,Eulemur_macaco,Trachypithecus_cristatus
b_81469	Callithrix_geoffroyi,Trachypithecus_francoisi,Callithrix_jacchus	Sapajus_apella,Microcebus_murinus,Gorilla_gorilla
b_81470	Saguinus_oedipus,Cebuella_pygmaea,Ateles_geoffroyi	Trachypithecus_cristatus,Varecia_rubra,Varecia_variegata
b_81471	Macaca_nigra,Macaca_fuscata,Macaca_silenus	Varecia_rubra,Varecia_variegata,Propithecus_coquereli
b_81472	Varecia_variegata,Cercopithecus_neglectus,Theropithecus_gelada	Saimiri_sciureus,Cebuella_pygmaea,Leontopithecus_chrysomelas
b_81473	Macaca_silenus,Gorilla_gorilla,Papio_hamadryas	Lemur_catta,Microcebus_murinus,Propithecus_coquereli
b_81474	Ateles_geoffroyi,Nycticebus_pygmaeus,Varecia_variegata	Colobus_guereza,Mandrillus_sphinx,Macaca_fascicularis
b_81475	Lemur_catta,Macaca_nigra,Eulemur_macaco	Pan_troglodytes,Ateles_geoffroyi,Cebuella_pygmaea
b_81476	Macaca_nigra,Callithrix_geoffroyi,Macaca_fuscata	Hylobates_lar,Eulemur_macaco,Pan_troglodytes
b_81477	Alouatta_caraya,Trachypithecus_francoisi,Galago_moholi	Saguinus_oedipus,Callithrix_jacchus,Sapajus_apella
b_81478	Eulemur_macaco,Nycticebus_pygmaeus,Galago_senegalensis	Hylobates_lar,Saguinus_oedipus,Sapajus_apella
b_81479	Nycticebus_coucang,Trachypithecus_auratus,Microcebus_murinus	Saimiri_sciureus,Macaca_silenus,Eulemur_macaco
b_81480	Papio_hamadryas,Leontopithecus_chrysomelas,Varecia_rubra	Galago_moholi,Nycticebus_coucang,Nycticebus_pygmaeus
b_81481	Callimico_goeldii,Callithrix_jacchus,Leontopithecus_chrysomelas	Colobus_guereza,Varecia_rubra,Trachypithecus_auratus
b_81482	Macaca_nigra,Trachypithecus_auratus,Propithecus_coquereli	Galago_moholi,Nycticebus_coucang,Nycticebus_pygmaeus
b_81483	Microcebus_murinus,Nycticebus_coucang,Galago_senegalensis	Trachypithecus_francoisi,Theropithecus_gelada,Colobus_guereza
b_81484	Leontopithecus_rosalia,Ateles_geoffroyi,Galago_moholi	Hylobates_lar,Theropithecus_gelada,Macaca_nigra
b_81485	Leontopithecus_chrysomelas,Cebuella_pygmaea,Saguinus_midas	Pan_troglodytes,Hylobates_lar,Theropithecus_gelada
b_81486	Galago_moholi,Colobus_guereza,Trachypithecus_auratus	Alouatta_caraya,Microcebus_murinus,Mico_argentatus
b_81487	Callithrix_geoffroyi,Varecia_variegata,Varecia_rubra	Macaca_nigra,Macaca_silenus,Colobus_guereza
b_81488	Colobus_guereza,Leontopithecus_chrysomelas,Ateles_geoffroyi	Saguinus_oedipus,Galago_senegalensis,Macaca_fascicularis
b_81489	Saimiri_sciureus,Mico_argentatus,Callimico_goeldii	Macaca_fuscata,Cercopithecus_neglectus,Theropithecus_gelada
b_81490	Eulemur_macaco,Alouatta_caraya,Nycticebus_coucang	Macaca_fuscata,Papio_hamadryas,Cercopithecus_neglectus
b_81491	Macaca_fuscata,Saguinus_oedipus,Saguinus_bicolor	Propithecus_coquereli,Galago_senegalensis,Callithrix_jacchus
b_81492	Nycticebus_pygmaeus,Papio_hamadryas,Mandrillus_sphinx	Saguinus_oedipus,Microcebus_murinus,Callimico_goeldii
b_81493	Macaca_silenus,Papio_hamadryas,Mandrillus_sphinx	Eulemur_macaco,Varecia_rubra,Varecia_variegata
b_81494	Microcebus_murinus,Eulemur_macaco,Varecia_variegata	Trachypithecus_francoisi,Theropithecus_gelada,Trachypithecus_auratus
b_81495	Varecia_variegata,Ateles_geoffroyi,Saimiri_sciureus	Microcebus_murinus,Eulemur_macaco,Propithecus_coquereli
b_81496	Varecia_variegata,Propithecus_coquereli,Lemur_catta	Gorilla_gorilla,Trachypithecus_cristatus,Saimiri_sciureus
b_81497	Colobus_guereza,Trachypithecus_francoisi,Trachypithecus_auratus	Ateles_geoffroyi,Propithecus_coquereli,Eulemur_macaco
b_81498	Microcebus_murinus,Propithecus_coquereli,Callimico_goeldii	Eulemur_macaco,Hylobates_lar,Leontopithecus_chrysomelas
b_81499	Mandrillus_sphinx,Galago_moholi,Nycticebus_coucang	Ateles_geoffroyi,Alouatta_caraya,Trachypithecus_auratus
b_81500	Leontopithecus_chrysomelas,Macaca_fuscata,Cebuella_pygmaea	Trachypithecus_auratus,Varecia_variegata,Eulemur_macaco
